{
  "model": "deepseek_r1",
  "timestamp": "2026-05-12T04:40:04.117918",
  "set_name": "deepseek_r1 within-model",
  "vector_types": [
    "golden",
    "propaganda",
    "refusal"
  ],
  "layers_analyzed": [
    10,
    11,
    12,
    13,
    14,
    15,
    16,
    17,
    18,
    19
  ],
  "pairwise_analysis": {
    "10": {
      "cosine_similarities": {
        "golden_vs_propaganda": 0.05891822569047264,
        "golden_vs_refusal": 0.03555373728524072,
        "propaganda_vs_refusal": -0.0004258308920141832
      },
      "norms": {
        "golden": 0.9999999999999997,
        "propaganda": 1.0000000000000004,
        "refusal": 1.0
      },
      "principal_angles": {
        "golden_vs_propaganda": 86.62227819281152,
        "golden_vs_refusal": 87.96249149550233,
        "propaganda_vs_refusal": 89.97560168636393
      },
      "orthogonality_scores": {
        "golden_vs_propaganda": 0.9410817743095273,
        "golden_vs_refusal": 0.9644462627147593,
        "propaganda_vs_refusal": 0.9995741691079858
      }
    },
    "11": {
      "cosine_similarities": {
        "golden_vs_propaganda": -0.10161728224474356,
        "golden_vs_refusal": 0.000945981456517725,
        "propaganda_vs_refusal": -0.010591086976340558
      },
      "norms": {
        "golden": 1.0000000000000004,
        "propaganda": 0.9999999999999996,
        "refusal": 0.9999999999999998
      },
      "principal_angles": {
        "golden_vs_propaganda": 84.16769160526829,
        "golden_vs_refusal": 89.94579924696002,
        "propaganda_vs_refusal": 89.39316407052783
      },
      "orthogonality_scores": {
        "golden_vs_propaganda": 0.8983827177552565,
        "golden_vs_refusal": 0.9990540185434823,
        "propaganda_vs_refusal": 0.9894089130236594
      }
    },
    "12": {
      "cosine_similarities": {
        "golden_vs_propaganda": -0.08869517831437528,
        "golden_vs_refusal": 0.002599600235704356,
        "propaganda_vs_refusal": -0.014368733232964802
      },
      "norms": {
        "golden": 0.9999999999999997,
        "propaganda": 0.9999999999999998,
        "refusal": 0.9999999999999996
      },
      "principal_angles": {
        "golden_vs_propaganda": 84.91145389618607,
        "golden_vs_refusal": 89.85105371031139,
        "propaganda_vs_refusal": 89.1767038974576
      },
      "orthogonality_scores": {
        "golden_vs_propaganda": 0.9113048216856248,
        "golden_vs_refusal": 0.9974003997642956,
        "propaganda_vs_refusal": 0.9856312667670352
      }
    },
    "13": {
      "cosine_similarities": {
        "golden_vs_propaganda": 0.13444631089117545,
        "golden_vs_refusal": -0.0338556594961397,
        "propaganda_vs_refusal": 0.0022068884987637644
      },
      "norms": {
        "golden": 1.0,
        "propaganda": 0.9999999999999996,
        "refusal": 0.9999999999999999
      },
      "principal_angles": {
        "golden_vs_propaganda": 82.27339604126647,
        "golden_vs_refusal": 88.05984284127506,
        "propaganda_vs_refusal": 89.87355450052563
      },
      "orthogonality_scores": {
        "golden_vs_propaganda": 0.8655536891088246,
        "golden_vs_refusal": 0.9661443405038603,
        "propaganda_vs_refusal": 0.9977931115012363
      }
    },
    "14": {
      "cosine_similarities": {
        "golden_vs_propaganda": -0.021394765480543844,
        "golden_vs_refusal": -0.04734149995582828,
        "propaganda_vs_refusal": -0.014381406588221103
      },
      "norms": {
        "golden": 0.9999999999999999,
        "propaganda": 1.0000000000000002,
        "refusal": 1.0
      },
      "principal_angles": {
        "golden_vs_propaganda": 88.77407669729095,
        "golden_vs_refusal": 87.28651762824906,
        "propaganda_vs_refusal": 89.17597769265282
      },
      "orthogonality_scores": {
        "golden_vs_propaganda": 0.9786052345194561,
        "golden_vs_refusal": 0.9526585000441717,
        "propaganda_vs_refusal": 0.9856185934117789
      }
    },
    "15": {
      "cosine_similarities": {
        "golden_vs_propaganda": 0.04927071045296253,
        "golden_vs_refusal": -0.026016428300269484,
        "propaganda_vs_refusal": -0.0022419597497477747
      },
      "norms": {
        "golden": 0.9999999999999998,
        "propaganda": 0.9999999999999999,
        "refusal": 0.9999999999999999
      },
      "principal_angles": {
        "golden_vs_propaganda": 87.17585279918609,
        "golden_vs_refusal": 88.50920025236336,
        "propaganda_vs_refusal": 89.87154506089047
      },
      "orthogonality_scores": {
        "golden_vs_propaganda": 0.9507292895470375,
        "golden_vs_refusal": 0.9739835716997305,
        "propaganda_vs_refusal": 0.9977580402502523
      }
    },
    "16": {
      "cosine_similarities": {
        "golden_vs_propaganda": 0.022578771003032246,
        "golden_vs_refusal": -0.07248729155454955,
        "propaganda_vs_refusal": -0.019741081564596804
      },
      "norms": {
        "golden": 0.9999999999999994,
        "propaganda": 0.9999999999999994,
        "refusal": 1.0
      },
      "principal_angles": {
        "golden_vs_propaganda": 88.7062217708337,
        "golden_vs_refusal": 85.8431383839694,
        "propaganda_vs_refusal": 88.86884586480787
      },
      "orthogonality_scores": {
        "golden_vs_propaganda": 0.9774212289969677,
        "golden_vs_refusal": 0.9275127084454504,
        "propaganda_vs_refusal": 0.9802589184354032
      }
    },
    "17": {
      "cosine_similarities": {
        "golden_vs_propaganda": 0.00515724823686148,
        "golden_vs_refusal": -0.05566328970298202,
        "propaganda_vs_refusal": -0.010361696391221576
      },
      "norms": {
        "golden": 1.0000000000000002,
        "propaganda": 1.0000000000000002,
        "refusal": 1.0
      },
      "principal_angles": {
        "golden_vs_propaganda": 89.70451013224904,
        "golden_vs_refusal": 86.80907918485475,
        "propaganda_vs_refusal": 89.4063079042631
      },
      "orthogonality_scores": {
        "golden_vs_propaganda": 0.9948427517631385,
        "golden_vs_refusal": 0.9443367102970179,
        "propaganda_vs_refusal": 0.9896383036087785
      }
    },
    "18": {
      "cosine_similarities": {
        "golden_vs_propaganda": 0.018249308297763823,
        "golden_vs_refusal": -0.06636473884601332,
        "propaganda_vs_refusal": -0.019318836434897804
      },
      "norms": {
        "golden": 0.9999999999999998,
        "propaganda": 0.9999999999999997,
        "refusal": 0.9999999999999998
      },
      "principal_angles": {
        "golden_vs_propaganda": 88.95433360905021,
        "golden_vs_refusal": 86.19478385682676,
        "propaganda_vs_refusal": 88.89304334397245
      },
      "orthogonality_scores": {
        "golden_vs_propaganda": 0.9817506917022362,
        "golden_vs_refusal": 0.9336352611539867,
        "propaganda_vs_refusal": 0.9806811635651022
      }
    },
    "19": {
      "cosine_similarities": {
        "golden_vs_propaganda": 0.008850913919991923,
        "golden_vs_refusal": -0.0633223954849083,
        "propaganda_vs_refusal": 0.004685557406910675
      },
      "norms": {
        "golden": 0.9999999999999994,
        "propaganda": 1.0000000000000004,
        "refusal": 0.9999999999999998
      },
      "principal_angles": {
        "golden_vs_propaganda": 89.49287336613229,
        "golden_vs_refusal": 86.36946498630078,
        "propaganda_vs_refusal": 89.73153635358311
      },
      "orthogonality_scores": {
        "golden_vs_propaganda": 0.9911490860800081,
        "golden_vs_refusal": 0.9366776045150917,
        "propaganda_vs_refusal": 0.9953144425930893
      }
    }
  },